Site,тИЦ,ЯК,Клей
http://ibuckitrap.com,0,Нет,Нет
http://chick3n.com,0,Нет,Нет
http://istrauss.com,0,Нет,Нет
http://vk-on.com,0,Нет,Нет
http://redditrepost.com,0,Нет,Нет
http://djbattlestyle.com,0,Нет,Нет
http://blackstraphydroseeding.com,0,Нет,Нет
http://akkt.biz,0,Нет,Нет
http://x6value.com,0,Нет,Нет
http://whiztab.com,0,Нет,Нет
http://legtad.com,0,Нет,Нет
http://hoggybank.com,0,Нет,Нет
http://chavis.org,0,Нет,Нет
http://ri-property.com,0,Нет,Нет
http://instagram-api.com,0,Нет,Нет
http://blogeffects.net,0,Нет,Нет
http://hbdsc.com,0,Нет,Нет
http://yandexcdn.com,0,Нет,Нет
http://calpact.com,0,Нет,Нет
http://allappsnew.com,0,Нет,Нет
http://allappsite.com,0,Нет,Нет
http://y-action.com,0,Нет,Нет
http://a4dpro.com,0,Нет,Нет
http://lewistwentytwo.com,0,Нет,Нет
http://dlfv.info,0,Нет,Нет
http://ze2.info,0,Нет,Нет
http://icomputers.org,0,Нет,Нет
http://thinkwaydifferent.com,0,Нет,Нет
http://spirited-lady-boutique.com,0,Нет,Нет
http://hbled.net,0,Нет,Нет
http://appletablet.net,0,Нет,Нет
http://karneek.com,0,Нет,Нет
http://coin2-project.org,0,Нет,Нет
http://dazzlertowerrecoleta.com,0,Нет,Нет
http://mein-blog.net,0,Нет,Нет
http://emptybeanie.com,0,Нет,Нет
http://macromediaflash.com,0,Нет,Нет
http://insta-sex.com,0,Нет,Нет
http://in-out.info,0,Нет,Нет
http://lwyl.org,0,Нет,Нет
http://firmshieldlinked.com,0,Нет,Нет
http://ccachurch.net,0,Нет,Нет
http://themonkeynutszim.com,0,Нет,Нет
http://missingearl.com,0,Нет,Нет
http://pensbynorman.com,0,Нет,Нет
http://celebrity-fashion-trends.net,0,Нет,Нет
http://jessicaleighartman.com,0,Нет,Нет
http://zwppm.com,0,Нет,Нет
http://lindalaugherydesigns.com,0,Нет,Нет
http://marymagdalenecs.org,0,Нет,Нет
http://greenontv.com,0,Нет,Нет
http://fhrai50.com,0,Нет,Нет
http://capitalownership.net,0,Нет,Нет
http://thecloudwindows7.com,0,Нет,Нет
http://cheapinsurancetx.com,0,Нет,Нет
http://gotradebinaries.com,0,Нет,Нет
http://1stchoicemedicalconsulting.net,0,Нет,Нет
http://xqueryx.com,0,Нет,Нет
